link,id_utilisateur,date_upload
img/galerie/animal-1.jpg,2,1504523502
img/galerie/animal-2.jpg,2,1504513602
img/galerie/animal-3.jpg,2,1504594102
img/galerie/animal-4.jpg,2,1504507802
img/galerie/dino-1.jpg,3,1504503892
img/galerie/travel-man-1.jpg,4,1504403602
img/galerie/travel-man-2.jpg,4,1504413602
img/galerie/travel-man-3.jpg,4,1504403632
img/galerie/travel-man-4.jpg,4,1504403602
img/galerie/travel-man-5.jpg,4,1504343602
img/galerie/travel-man-6.jpg,4,1504359602
img/galerie/travel-man-7.jpg,4,1504139602
img/galerie/weird-man-1.jpg,5,1504314602
img/galerie/weird-man-2.jpg,5,1504103182
img/galerie/woman-1.jpg,6,1504407302
